{"K_bps": 14.99999999999987, "n_samples": 50, "mean_residual_bps": 4.058697822273416e-15, "fitted_at": 1777767624.191496, "market_type": "test", "bootstrap_residuals": {}, "source": "fit"}